ticker,sector,score,raw_score,raw_score_pre_regime,final_unclamped,regime_multiplier,sentiment_delta,f_score,v_score,m_score,s_score,p_score,c_score,r_score,tier,reasons,price,mkt_cap,float_shares,short_pct,days_to_cover,score_velocity,in_universe,filter_reason,scan_date,scan_timestamp,run_type
SENEB,Consumer Defensive,61,61,61,61,1.0,0,15,4,18,19,0,2,3,🟡 WATCHLIST,"[""Rev growth 36%"", ""EPS growth 33%"", ""ROE 17%"", ""FCF positive"", ""PEG 0.9"", ""P/S 0.7x"", ""6mo Momentum +27%"", ""Above 50MA"", ""Above 200MA"", ""Inst. 5% (undiscovered)"", ""Cap $1269M"", ""Tight float 4.8M shares"", ""8-K: 8-K Event"", ""8-K: 8-K Event"", ""\ud83c\udfc6 Runner sim 64%""]",187.42,$1269M,4766063,0.0013,6.4,0,True,,2026-09-29,2026-09-29 01:08:56,postclose
FTK,Energy,60,60,60,60,1.0,0,18,2,18,17,0,5,0,🟡 WATCHLIST,"[""Rev growth 70%"", ""EPS growth 420%"", ""ROE 38%"", ""P/S 3.5x"", ""6mo Momentum +68%"", ""Above 50MA"", ""Above 200MA"", ""Inst. 35%"", ""Cap $1030M"", ""High squeeze potential (26% short, 5.7d cover)"", ""8-K: Material Agreement"", ""8-K: Termination of Agreement"", ""8-K: 8-K Event""]",28.43,$1030M,15205807,0.2637,5.69,0,True,,2026-09-29,2026-09-29 01:08:56,postclose
PXS,Energy,56,56,56,56,1.0,0,14,2,18,19,0,0,3,🟡 WATCHLIST,"[""Rev growth 33%"", ""Gross margin 60%"", ""FCF positive"", ""P/S 1.6x"", ""6mo Momentum +53%"", ""Above 50MA"", ""Above 200MA"", ""Inst. 2% (undiscovered)"", ""Cap $67M"", ""Tight float 4.1M shares"", ""\ud83c\udfc6 Runner sim 61%""]",6.52,$67M,4115018,0.0092,0.22,0,True,,2026-09-29,2026-09-29 01:08:56,postclose
TEN,Energy,51,51,51,51,1.0,0,18,2,18,13,0,0,0,🟡 WATCHLIST,"[""Rev growth 54%"", ""EPS growth 560%"", ""ROE 17%"", ""Gross margin 62%"", ""P/S 1.5x"", ""6mo Momentum +25%"", ""Above 50MA"", ""Above 200MA"", ""Inst. 34%"", ""Cap $1395M""]",46.31,$1395M,21544247,0.0108,0.8,0,True,,2026-09-29,2026-09-29 01:08:56,postclose
OCC,Technology,50,50,50,50,1.0,0,14,2,18,13,0,0,3,🟡 WATCHLIST,"[""Rev growth 22%"", ""EPS growth 485%"", ""ROE 16%"", ""FCF positive"", ""P/S 1.6x"", ""6mo Momentum +79%"", ""Above 50MA"", ""Above 200MA"", ""Inst. 24%"", ""Cap $132M"", ""\ud83c\udfc6 Runner sim 61%""]",14.95,$132M,5927339,0.098000005,2.28,0,True,,2026-09-29,2026-09-29 01:08:56,postclose
MTLS,Technology,50,50,50,50,1.0,0,8,2,22,13,0,0,5,🟡 WATCHLIST,"[""EPS growth 1596%"", ""Gross margin 57%"", ""FCF positive"", ""P/S 1.8x"", ""6mo Momentum +79%"", ""Above 50MA"", ""Above 200MA"", ""\u26a1 Volume spike 1.5x"", ""Inst. 14%"", ""Cap $495M"", ""\ud83c\udfc6 Runner sim 78% (near historical runners)""]",8.58,$495M,23042946,0.0177,2.69,0,True,,2026-09-29,2026-09-29 01:08:56,postclose
CHCI,Real Estate,48,48,48,48,1.0,0,18,4,10,16,0,0,0,🟡 WATCHLIST,"[""Rev growth 74%"", ""EPS growth 500%"", ""ROE 36%"", ""FCF positive"", ""PEG 0.8"", ""P/S 2.6x"", ""6mo Momentum +10%"", ""Above 50MA"", ""Above 200MA"", ""Inst. 16%"", ""Cap $201M"", ""Tight float 3.7M shares""]",19.53,$201M,3728339,0.0305,2.42,0,True,,2026-09-29,2026-09-29 01:08:56,postclose
NSTS,Financial Services,46,46,46,46,1.0,0,11,0,16,16,0,0,3,🟡 WATCHLIST,"[""Rev growth 30%"", ""FCF positive"", ""6mo Momentum +23%"", ""Above 50MA"", ""Above 200MA"", ""Inst. 26%"", ""Cap $74M"", ""Tight float 4.5M shares"", ""\ud83c\udfc6 Runner sim 61%""]",14.13,$74M,4497350,0.0013,0.47,0,True,,2026-09-29,2026-09-29 01:08:56,postclose
MX,Technology,45,45,45,45,1.0,0,0,2,26,8,0,9,0,🟡 WATCHLIST,"[""P/S 0.8x"", ""6mo Momentum +40%"", ""Above 50MA"", ""Above 200MA"", ""\u26a1 Volume spike 2x"", ""Inst. 43%"", ""Cap $138M"", ""8-K: Material Agreement"", ""8-K: 8-K Event"", ""8-K: Reg FD Disclosure""]",3.79,$138M,31044912,0.0369,3.53,0,True,,2026-09-29,2026-09-29 01:08:56,postclose
ASRV,Financial Services,45,45,45,45,1.0,0,11,4,14,13,0,0,3,🟡 WATCHLIST,"[""Rev growth 43%"", ""FCF positive"", ""PEG 0.9"", ""P/S 1.3x"", ""6mo Momentum +29%"", ""Above 200MA"", ""Inst. 40%"", ""Cap $78M"", ""\ud83c\udfc6 Runner sim 65%""]",4.6,$78M,12828855,0.0117999995,12.11,0,True,,2026-09-29,2026-09-29 01:08:56,postclose
BPRN,Financial Services,45,45,45,45,1.0,0,17,2,18,8,0,0,0,🟡 WATCHLIST,"[""Rev growth 62%"", ""EPS growth 940%"", ""FCF positive"", ""P/S 3.4x"", ""6mo Momentum +29%"", ""Above 50MA"", ""Above 200MA"", ""Inst. 46%"", ""Cap $296M""]",43.47,$296M,5006613,0.0139,3.12,0,True,,2026-09-29,2026-09-29 01:08:56,postclose
CGEN,Healthcare,44,44,44,44,1.0,0,17,2,12,13,0,0,0,🟡 WATCHLIST,"[""Rev growth 107%"", ""ROE 51%"", ""Gross margin 87%"", ""FCF positive"", ""P/S 3.0x"", ""6mo Momentum +17%"", ""Above 200MA"", ""Inst. 15%"", ""Cap $221M""]",2.33,$221M,92671474,0.025,7.85,0,True,,2026-09-29,2026-09-29 01:08:56,postclose
